name,degree_measure,centrality,tax_id,Kingdom,Phylum,Class,Order,Family,Genus
Clostridia_bacterium,27700,0.0903725925913881,14874,k__Bacteria,p__Firmicutes,c__Clostridia,o__Clostridia_unclassified,f__Clostridia_unclassified,g__Clostridia_unclassified
LKT_f__Ruminococcaceae,19052,0.05052970251301311,14843,k__Bacteria,p__Firmicutes,c__Clostridia,o__Clostridiales,f__Ruminococcaceae,LKT_f__Ruminococcaceae
Lachnospiraceae_bacterium,11944,0.03893409228824046,4688,k__Bacteria,p__Firmicutes,c__Clostridia,o__Clostridiales,f__Lachnospiraceae,g__Lachnospiraceae_unclassified
LKT_p__Firmicutes,10162,0.03040646475367478,6602,k__Bacteria,p__Firmicutes,LKT_p__Firmicutes,LKT_p__Firmicutes,LKT_p__Firmicutes,LKT_p__Firmicutes
Ruminococcaceae_bacterium,8064,0.02690444030404095,14925,k__Bacteria,p__Firmicutes,c__Clostridia,o__Clostridiales,f__Ruminococcaceae,g__Ruminococcaceae_unclassified
LKT_f__Lachnospiraceae,4796,0.017437123529735074,4777,k__Bacteria,p__Firmicutes,c__Clostridia,o__Clostridiales,f__Lachnospiraceae,LKT_f__Lachnospiraceae
LKT_f__Clostridia_unclassified,3944,0.010222548304405154,4328,k__Bacteria,p__Firmicutes,c__Clostridia,o__Clostridia_unclassified,f__Clostridia_unclassified,LKT_f__Clostridia_unclassified
Faecalibacterium_prausnitzii,3888,0.009866932966026446,15342,k__Bacteria,p__Firmicutes,c__Clostridia,o__Clostridiales,f__Ruminococcaceae,g__Faecalibacterium
Clostridiaceae_bacterium,3768,0.010790862979166664,4269,k__Bacteria,p__Firmicutes,c__Clostridia,o__Clostridiales,f__Clostridiaceae,g__Clostridiaceae_unclassified
Blautia_obeum,1638,0.005350543919723227,4811,k__Bacteria,p__Firmicutes,c__Clostridia,o__Clostridiales,f__Lachnospiraceae,g__Blautia
Dorea_longicatena,1556,0.003803754519527098,4582,k__Bacteria,p__Firmicutes,c__Clostridia,o__Clostridiales,f__Lachnospiraceae,g__Dorea
Ruminococcus_torques,1538,0.0036409386184436555,4563,k__Bacteria,p__Firmicutes,c__Clostridia,o__Clostridiales,f__Lachnospiraceae,g__Mediterraneibacter
Anaerobutyricum_hallii,1520,0.005236176681874395,4532,k__Bacteria,p__Firmicutes,c__Clostridia,o__Clostridiales,f__Lachnospiraceae,g__Anaerobutyricum
Clostridiales_bacterium,1346,0.0037859931299704147,59899,k__Bacteria,p__Firmicutes,c__Clostridia,o__Clostridiales,f__Clostridiales_unclassified,g__Clostridiales_unclassified
Christensenellaceae_bacterium,1326,0.00664941811505817,3813,k__Bacteria,p__Firmicutes,c__Clostridia,o__Clostridiales,f__Christensenellaceae,g__Christensenellaceae_unclassified
Lactococcus_lactis,1202,0.0033296219423024154,7985,k__Bacteria,p__Firmicutes,c__Bacilli,o__Lactobacillales,f__Streptococcaceae,g__Lactococcus
LKT_f__Clostridiaceae,1184,0.004070969491126925,14987,k__Bacteria,p__Firmicutes,c__Clostridia,o__Clostridiales,f__Clostridiaceae,LKT_f__Clostridiaceae
Firmicutes_bacterium,1158,0.006827810195767325,49163,k__Bacteria,p__Firmicutes,c__Firmicutes_unclassified,o__Firmicutes_unclassified,f__Firmicutes_unclassified,g__Firmicutes_unclassified
Coprococcus_eutactus,1148,0.0033999562146360147,5118,k__Bacteria,p__Firmicutes,c__Clostridia,o__Clostridiales,f__Lachnospiraceae,g__Coprococcus
Sutterella_wadsworthensis,1098,0.0030922504769069653,9286,k__Bacteria,p__Proteobacteria,c__Betaproteobacteria,o__Burkholderiales,f__Sutterellaceae,g__Sutterella
Turicibacter_sanguinis,1086,0.004054597071292856,6847,k__Bacteria,p__Firmicutes,c__Erysipelotrichia,o__Erysipelotrichales,f__Erysipelotrichaceae,g__Turicibacter
Rothia_mucilaginosa,1028,0.0031447633868368955,16971,k__Bacteria,p__Actinobacteria,c__Actinobacteria,o__Micrococcales,f__Micrococcaceae,g__Rothia
Hungatella_hathewayi,868,0.004187072990965576,4742,k__Bacteria,p__Firmicutes,c__Clostridia,o__Clostridiales,f__Clostridiaceae,g__Hungatella
Dysosmobacter_welbionis,860,0.0035850584588243114,15078,k__Bacteria,p__Firmicutes,c__Clostridia,o__Clostridiales,f__Oscillospiraceae,g__Dysosmobacter
Flavonifractor_plautii,860,0.001796752117268679,15132,k__Bacteria,p__Firmicutes,c__Clostridia,o__Clostridiales,f__Ruminococcaceae,g__Flavonifractor
Ruthenibacterium_lactatiformans,860,0.0025050517446741248,15271,k__Bacteria,p__Firmicutes,c__Clostridia,o__Clostridiales,f__Ruminococcaceae,g__Ruthenibacterium
Bilophila_wadsworthia,860,0.004161546954562375,15452,k__Bacteria,p__Proteobacteria,c__Deltaproteobacteria,o__Desulfovibrionales,f__Desulfovibrionaceae,g__Bilophila
Bacteroides_stercoris,860,0.003721950287066866,1830,k__Bacteria,p__Bacteroidetes,c__Bacteroidia,o__Bacteroidales,f__Bacteroidaceae,g__Bacteroides
Bacteroides_uniformis,860,0.0038235091578603963,1836,k__Bacteria,p__Bacteroidetes,c__Bacteroidia,o__Bacteroidales,f__Bacteroidaceae,g__Bacteroides
Bacteroides_ovatus,860,0.004408248717390187,1871,k__Bacteria,p__Bacteroidetes,c__Bacteroidia,o__Bacteroidales,f__Bacteroidaceae,g__Bacteroides
Parabacteroides_distasonis,860,0.002372009772032823,1934,k__Bacteria,p__Bacteroidetes,c__Bacteroidia,o__Bacteroidales,f__Tannerellaceae,g__Parabacteroides
Alistipes_putredinis,860,0.0036412692893332517,2318,k__Bacteria,p__Bacteroidetes,c__Bacteroidia,o__Bacteroidales,f__Rikenellaceae,g__Alistipes
Clostridium_sp_Marseille_P3244,860,0.003331983366169876,29302,k__Bacteria,p__Firmicutes,c__Clostridia,o__Clostridiales,f__Clostridiaceae,g__Clostridium
Faecalicatena_contorta,860,0.0038562795546601245,4613,k__Bacteria,p__Firmicutes,c__Clostridia,o__Clostridiales,f__Lachnospiraceae,g__Faecalicatena
Blautia_faecis,860,0.003351539673026233,4820,k__Bacteria,p__Firmicutes,c__Clostridia,o__Clostridiales,f__Lachnospiraceae,g__Blautia
Clostridium_sp_AF34_10BH,860,0.003355212487974817,4914,k__Bacteria,p__Firmicutes,c__Clostridia,o__Clostridiales,f__Clostridiaceae,g__Clostridium
Intestinibacter_bartlettii,860,0.004132863631173677,6140,k__Bacteria,p__Firmicutes,c__Clostridia,o__Clostridiales,f__Peptostreptococcaceae,g__Intestinibacter
Romboutsia_timonensis,860,0.003727023725790987,6148,k__Bacteria,p__Firmicutes,c__Clostridia,o__Clostridiales,f__Peptostreptococcaceae,g__Romboutsia
Bittarella_massiliensis,860,0.004132863631173278,7263,k__Bacteria,p__Firmicutes,c__Clostridia,o__Clostridiales,f__Ruminococcaceae,g__Bittarella
Streptococcus_thermophilus,860,0.0017219298391755158,8002,k__Bacteria,p__Firmicutes,c__Bacilli,o__Lactobacillales,f__Streptococcaceae,g__Streptococcus
Streptococcus_salivarius,860,0.002140277314137141,8007,k__Bacteria,p__Firmicutes,c__Bacilli,o__Lactobacillales,f__Streptococcaceae,g__Streptococcus
Clostridium_leptum,836,0.0025686379632980437,14853,k__Bacteria,p__Firmicutes,c__Clostridia,o__Clostridiales,f__Ruminococcaceae,g__Ruminococcaceae_unclassified
Clostridium_phoceensis,836,0.001989691655511692,15154,k__Bacteria,p__Firmicutes,c__Clostridia,o__Clostridiales,f__Clostridiaceae,g__Clostridium
Anaerostipes_hadrus,836,0.00163601555394669,4540,k__Bacteria,p__Firmicutes,c__Clostridia,o__Clostridiales,f__Lachnospiraceae,g__Anaerostipes
Lacrimispora_amygdalina,836,0.001471909704129632,4716,k__Bacteria,p__Firmicutes,c__Clostridia,o__Clostridiales,f__Lachnospiraceae,g__Lacrimispora
Roseburia_hominis,830,0.0019254442222563046,4936,k__Bacteria,p__Firmicutes,c__Clostridia,o__Clostridiales,f__Lachnospiraceae,g__Roseburia
Harryflintia_acetispora,824,0.0031455245028431155,14838,k__Bacteria,p__Firmicutes,c__Clostridia,o__Clostridiales,f__Ruminococcaceae,g__Harryflintia
Evtepia_gabavorous,824,0.0039010231333045575,15120,k__Bacteria,p__Firmicutes,c__Clostridia,o__Clostridiales,f__Clostridiales_unclassified,g__Evtepia
Dysosmobacter_sp_NSJ_60,824,0.003229383368197214,15124,k__Bacteria,p__Firmicutes,c__Clostridia,o__Clostridiales,f__Oscillospiraceae,g__Dysosmobacter
Intestinimonas_butyriciproducens,824,0.0038607916671186235,15126,k__Bacteria,p__Firmicutes,c__Clostridia,o__Clostridiales,f__Clostridiales_unclassified,g__Intestinimonas
Oscillibacter_sp_ER4,824,0.0035938235231886954,15254,k__Bacteria,p__Firmicutes,c__Clostridia,o__Clostridiales,f__Oscillospiraceae,g__Oscillibacter
Lachnospiraceae_bacterium_NSJ_29,824,0.004199692078003866,25431,k__Bacteria,p__Firmicutes,c__Clostridia,o__Clostridiales,f__Lachnospiraceae,g__Lachnospiraceae_unclassified
Eubacterium_siraeum,824,0.003190845825697388,4198,k__Bacteria,p__Firmicutes,c__Clostridia,o__Clostridiales,f__Ruminococcaceae,g__Ruminococcaceae_unclassified
Blautia_massiliensis,824,0.0038626276062327883,4826,k__Bacteria,p__Firmicutes,c__Clostridia,o__Clostridiales,f__Lachnospiraceae,g__Blautia
Blautia_wexlerae,824,0.0035099496279167725,4837,k__Bacteria,p__Firmicutes,c__Clostridia,o__Clostridiales,f__Lachnospiraceae,g__Blautia
Roseburia_faecis,824,0.003231273928905769,4925,k__Bacteria,p__Firmicutes,c__Clostridia,o__Clostridiales,f__Lachnospiraceae,g__Roseburia
Roseburia_inulinivorans,824,0.0037196650306977695,4940,k__Bacteria,p__Firmicutes,c__Clostridia,o__Clostridiales,f__Lachnospiraceae,g__Roseburia
Roseburia_intestinalis,824,0.0030577390326008277,4951,k__Bacteria,p__Firmicutes,c__Clostridia,o__Clostridiales,f__Lachnospiraceae,g__Roseburia
Candidatus_Pararuminococcus_gallinarum,824,0.0033961210473359943,63327,k__Bacteria,p__Firmicutes,c__Clostridia,o__Clostridia_unclassified,f__Clostridia_unclassified,g__Candidatus_Pararuminococcus
Ruminococcaceae_bacterium_AM07_15,814,0.001422725858082664,14974,k__Bacteria,p__Firmicutes,c__Clostridia,o__Clostridiales,f__Ruminococcaceae,g__Ruminococcaceae_unclassified
Clostridiales_unclassified_SGB15145,814,0.0014227258580825643,15145,k__Bacteria,p__Firmicutes,c__Clostridia,o__Clostridiales,f__Clostridiales_unclassified,g__Clostridiales_unclassified
Gemmiger_formicilis,814,0.0019008371268748358,15300,k__Bacteria,p__Firmicutes,c__Clostridia,o__Clostridiales,f__Ruminococcaceae,g__Gemmiger
Faecalibacterium_SGB15346,814,0.0014643017076270096,15346,k__Bacteria,p__Firmicutes,c__Clostridia,o__Clostridiales,f__Ruminococcaceae,g__Faecalibacterium
Anaerotruncus_rubiinfantis,814,0.001888191959139155,25416,k__Bacteria,p__Firmicutes,c__Clostridia,o__Clostridiales,f__Ruminococcaceae,g__Anaerotruncus
Dorea_sp_AF36_15AT,814,0.002505759950687671,4552,k__Bacteria,p__Firmicutes,c__Clostridia,o__Clostridiales,f__Lachnospiraceae,g__Dorea
Coprococcus_comes,814,0.002159006937070924,4577,k__Bacteria,p__Firmicutes,c__Clostridia,o__Clostridiales,f__Lachnospiraceae,g__Coprococcus
Clostridium_fessum,814,0.0014227258580817588,4705,k__Bacteria,p__Firmicutes,c__Clostridia,o__Clostridiales,f__Clostridiaceae,g__Clostridium
Clostridiaceae_bacterium_OM08_6BH,814,0.0016599297681186753,4768,k__Bacteria,p__Firmicutes,c__Clostridia,o__Clostridiales,f__Clostridiaceae,g__Clostridiaceae_unclassified
Blautia_SGB4815,814,0.0021590069370706465,4815,k__Bacteria,p__Firmicutes,c__Clostridia,o__Clostridiales,f__Lachnospiraceae,g__Blautia
Fusicatenibacter_saccharivorans,814,0.0020861004188150183,4874,k__Bacteria,p__Firmicutes,c__Clostridia,o__Clostridiales,f__Lachnospiraceae,g__Fusicatenibacter
Lachnospiraceae_bacterium_OM04_12BH,814,0.0018069761302875673,4893,k__Bacteria,p__Firmicutes,c__Clostridia,o__Clostridiales,f__Lachnospiraceae,g__Lachnospiraceae_unclassified
Lachnospira_eligens,814,0.0020245181607778996,5082,k__Bacteria,p__Firmicutes,c__Clostridia,o__Clostridiales,f__Lachnospiraceae,g__Lachnospira
Methanobrevibacter_smithii,814,0.0023589959285538658,714,k__Archaea,p__Euryarchaeota,c__Methanobacteria,o__Methanobacteriales,f__Methanobacteriaceae,g__Methanobrevibacter
Mogibacterium_diversum,796,0.0020604502957866973,3922,k__Bacteria,p__Firmicutes,c__Clostridia,o__Clostridiales,f__Clostridiales_Family_XIII_Incertae_Sedis,g__Mogibacterium
Eggerthella_lenta,790,0.002222227890485825,14809,k__Bacteria,p__Actinobacteria,c__Coriobacteriia,o__Eggerthellales,f__Eggerthellaceae,g__Eggerthella
Collinsella_aerofaciens,778,0.0018387970980246616,14546,k__Bacteria,p__Actinobacteria,c__Coriobacteriia,o__Coriobacteriales,f__Coriobacteriaceae,g__Collinsella
Clostridia_unclassified_SGB14844,778,0.0016625853149535644,14844,k__Bacteria,p__Firmicutes,c__Clostridia,o__Clostridia_unclassified,f__Clostridia_unclassified,g__Clostridia_unclassified
Bifidobacterium_dentium,778,0.001662585314953071,17234,k__Bacteria,p__Actinobacteria,c__Actinobacteria,o__Bifidobacteriales,f__Bifidobacteriaceae,g__Bifidobacterium
Odoribacter_splanchnicus,778,0.0020506085522968218,1790,k__Bacteria,p__Bacteroidetes,c__Bacteroidia,o__Bacteroidales,f__Odoribacteraceae,g__Odoribacter
Parabacteroides_merdae,778,0.002309163699597198,1949,k__Bacteria,p__Bacteroidetes,c__Bacteroidia,o__Bacteroidales,f__Tannerellaceae,g__Parabacteroides
Eubacterium_rectale,778,0.0018387970980229807,4933,k__Bacteria,p__Firmicutes,c__Clostridia,o__Clostridiales,f__Lachnospiraceae,g__Lachnospiraceae_unclassified
Clostridia_bacterium_12CBH8,778,0.0019791602807044924,7259,k__Bacteria,p__Firmicutes,c__Clostridia,o__Clostridia_unclassified,f__Clostridia_unclassified,g__Clostridia_unclassified
Candidatus_Cibiobacter_qucibialis,770,0.0032285070244667024,15286,k__Bacteria,p__Firmicutes,c__Clostridia,o__Clostridiales,f__Ruminococcaceae,g__Candidatus_Cibiobacter
Lachnoclostridium_sp_An138,770,0.0031782792139844916,4774,k__Bacteria,p__Firmicutes,c__Clostridia,o__Clostridiales,f__Lachnospiraceae,g__Lachnoclostridium
Intestinimonas_gabonensis,770,0.002947794412709738,79840,k__Bacteria,p__Firmicutes,c__Clostridia,o__Clostridiales,f__Clostridiales_unclassified,g__Intestinimonas
Streptococcus_sp_A12,764,0.0016558118783570907,8059,k__Bacteria,p__Firmicutes,c__Bacilli,o__Lactobacillales,f__Streptococcaceae,g__Streptococcus
Neglecta_timonensis,760,0.0017881674721649215,14851,k__Bacteria,p__Firmicutes,c__Clostridia,o__Clostridiales,f__Ruminococcaceae,g__Neglecta
Ruminococcaceae_bacterium_D5,760,0.0022551579506627176,14960,k__Bacteria,p__Firmicutes,c__Clostridia,o__Clostridiales,f__Ruminococcaceae,g__Ruminococcaceae_unclassified
Anaerotruncus_massiliensis,760,0.0017339440184464825,14965,k__Bacteria,p__Firmicutes,c__Clostridia,o__Clostridiales,f__Ruminococcaceae,g__Anaerotruncus
Intestinimonas_massiliensis,760,0.0023774291266322168,29331,k__Bacteria,p__Firmicutes,c__Clostridia,o__Clostridiales,f__Clostridiales_unclassified,g__Intestinimonas
Lawsonibacter_sp_NSJ_51,760,0.0018090117793432,15131,k__Bacteria,p__Firmicutes,c__Clostridia,o__Clostridiales,f__Clostridiales_unclassified,g__Lawsonibacter
Pseudoflavonifractor_capillosus,760,0.0018090117793431496,15140,k__Bacteria,p__Firmicutes,c__Clostridia,o__Clostridiales,f__Ruminococcaceae,g__Pseudoflavonifractor
Alistipes_indistinctus,760,0.0022551579506624167,2325,k__Bacteria,p__Bacteroidetes,c__Bacteroidia,o__Bacteroidales,f__Rikenellaceae,g__Alistipes
Massilistercora_timonensis,760,0.0017339440184453373,4628,k__Bacteria,p__Firmicutes,c__Clostridia,o__Clostridiales,f__Clostridiales_unclassified,g__Massilistercora
Clostridium_sp_AF36_4,760,0.0017339440184452823,4644,k__Bacteria,p__Firmicutes,c__Clostridia,o__Clostridiales,f__Clostridiaceae,g__Clostridium
Clostridium_sp_AF34_13,760,0.0016469251816851205,4659,k__Bacteria,p__Firmicutes,c__Clostridia,o__Clostridiales,f__Clostridiaceae,g__Clostridium
Enterocloster_lavalensis,760,0.0022551579506612097,4725,k__Bacteria,p__Firmicutes,c__Clostridia,o__Clostridiales,f__Lachnospiraceae,g__Enterocloster
Clostridia_unclassified_SGB66170,760,0.0022551579506606334,66170,k__Bacteria,p__Firmicutes,c__Clostridia,o__Clostridia_unclassified,f__Clostridia_unclassified,g__Clostridia_unclassified
Clostridiales_bacterium_NSJ_40,760,0.002377429126629844,72336,k__Bacteria,p__Firmicutes,c__Clostridia,o__Clostridiales,f__Clostridiales_unclassified,g__Clostridiales_unclassified
Oscillospiraceae_bacterium_NSJ_64,760,0.0022551579506605154,82503,k__Bacteria,p__Firmicutes,c__Clostridia,o__Clostridiales,f__Oscillospiraceae,g__Oscillospiraceae_unclassified
Eubacterium_ventriosum,756,0.0021128719521902504,5045,k__Bacteria,p__Firmicutes,c__Clostridia,o__Clostridiales,f__Eubacteriaceae,g__Eubacterium
Phocea_massiliensis,750,0.0016583137583431474,14837,k__Bacteria,p__Firmicutes,c__Clostridia,o__Clostridiales,f__Ruminococcaceae,g__Phocea
Candidatus_Avimonas_narfia,744,0.0018776604327264618,14941,k__Bacteria,p__Firmicutes,c__Clostridia,o__Clostridia_unclassified,f__Clostridia_unclassified,g__Candidatus_Avimonas
Anaeromassilibacillus_sp_An250,742,0.0037710537771967183,14894,k__Bacteria,p__Firmicutes,c__Clostridia,o__Clostridiales,f__Ruminococcaceae,g__Anaeromassilibacillus
Agathobaculum_butyriciproducens,742,0.002679694443411963,14993,k__Bacteria,p__Firmicutes,c__Clostridia,o__Clostridiales,f__Ruminococcaceae,g__Agathobaculum
Bacteroides_intestinalis,742,0.0036160206685795977,1846,k__Bacteria,p__Bacteroidetes,c__Bacteroidia,o__Bacteroidales,f__Bacteroidaceae,g__Bacteroides
Alistipes_ihumii,742,0.0037710537771954876,2328,k__Bacteria,p__Bacteroidetes,c__Bacteroidia,o__Bacteroidales,f__Rikenellaceae,g__Alistipes
Dorea_formicigenerans,742,0.003288204531343674,4575,k__Bacteria,p__Firmicutes,c__Clostridia,o__Clostridiales,f__Lachnospiraceae,g__Dorea
Blautia_SGB4805,742,0.0030866597437357486,4805,k__Bacteria,p__Firmicutes,c__Clostridia,o__Clostridiales,f__Lachnospiraceae,g__Blautia
Blautia_SGB4831,742,0.0033488872580372253,4831,k__Bacteria,p__Firmicutes,c__Clostridia,o__Clostridiales,f__Lachnospiraceae,g__Blautia
Lacrimispora_celerecrescens,742,0.0034730101154202757,4868,k__Bacteria,p__Firmicutes,c__Clostridia,o__Clostridiales,f__Lachnospiraceae,g__Lacrimispora
Lachnospiraceae_bacterium_WCA3_601_WT_6H,742,0.0025684060826844275,4910,k__Bacteria,p__Firmicutes,c__Clostridia,o__Clostridiales,f__Lachnospiraceae,g__Lachnospiraceae_unclassified
Roseburia_sp_AF02_12,742,0.002520585118505521,4938,k__Bacteria,p__Firmicutes,c__Clostridia,o__Clostridiales,f__Lachnospiraceae,g__Roseburia
Firmicutes_bacterium_AF16_15,742,0.002863130201630623,4993,k__Bacteria,p__Firmicutes,c__Firmicutes_unclassified,o__Firmicutes_unclassified,f__Firmicutes_unclassified,g__Firmicutes_unclassified
Clostridiales_bacterium_KLE1615,742,0.003473010115420165,5090,k__Bacteria,p__Firmicutes,c__Clostridia,o__Clostridiales,f__Clostridiales_unclassified,g__Clostridiales_unclassified
LKT_f__Enterococcaceae,742,0.003340745175787262,54347,k__Bacteria,p__Firmicutes,c__Bacilli,o__Lactobacillales,f__Enterococcaceae,LKT_f__Enterococcaceae
Ruminococcaceae_unclassified_SGB15236,726,0.0019990400038010477,15236,k__Bacteria,p__Firmicutes,c__Clostridia,o__Clostridiales,f__Ruminococcaceae,g__Ruminococcaceae_unclassified
Blautia_sp_OF03_15BH,726,0.001764810039374201,4779,k__Bacteria,p__Firmicutes,c__Clostridia,o__Clostridiales,f__Lachnospiraceae,g__Blautia
Eisenbergiella_massiliensis,724,0.002164440378259457,4987,k__Bacteria,p__Firmicutes,c__Clostridia,o__Clostridiales,f__Lachnospiraceae,g__Eisenbergiella
Actinomyces_SGB17168,722,0.002005985593688652,17168,k__Bacteria,p__Actinobacteria,c__Actinobacteria,o__Actinomycetales,f__Actinomycetaceae,g__Actinomyces
Candidatus_Avimicrobium_caecorum,720,0.003409768980013479,15350,k__Bacteria,p__Firmicutes,c__Clostridia,o__Clostridia_unclassified,f__Clostridia_unclassified,g__Candidatus_Avimicrobium
Eisenbergiella_tayi,720,0.004106808369843668,4988,k__Bacteria,p__Firmicutes,c__Clostridia,o__Clostridiales,f__Lachnospiraceae,g__Eisenbergiella
LKT_f__Eggerthellaceae,720,0.0035606369544871324,63101,k__Bacteria,p__Actinobacteria,c__Coriobacteriia,o__Eggerthellales,f__Eggerthellaceae,LKT_f__Eggerthellaceae
Candidatus_Schneewindia_gallinarum,720,0.0038736467339794433,63326,k__Bacteria,p__Firmicutes,c__Clostridia,o__Clostridia_unclassified,f__Clostridia_unclassified,g__Candidatus_Schneewindia
Streptococcus_gordonii,720,0.003401690661278607,8053,k__Bacteria,p__Firmicutes,c__Bacilli,o__Lactobacillales,f__Streptococcaceae,g__Streptococcus
Ruminococcaceae_unclassified_SGB15260,712,0.002320942435617988,15260,k__Bacteria,p__Firmicutes,c__Clostridia,o__Clostridiales,f__Ruminococcaceae,g__Ruminococcaceae_unclassified
Enterocloster_clostridioformis,710,0.0011314224747819076,4760,k__Bacteria,p__Firmicutes,c__Clostridia,o__Clostridiales,f__Lachnospiraceae,g__Enterocloster
Longibaculum_muris,710,9.01332849615189e-4,6769,k__Bacteria,p__Firmicutes,c__Erysipelotrichia,o__Erysipelotrichales,f__Erysipelotrichaceae,g__Longibaculum
Veillonella_atypica,710,0.0016522846217546549,6936,k__Bacteria,p__Firmicutes,c__Negativicutes,o__Veillonellales,f__Veillonellaceae,g__Veillonella
Akkermansia_muciniphila,710,0.002171601074445237,9228,k__Bacteria,p__Verrucomicrobia,c__Verrucomicrobiae,o__Verrucomicrobiales,f__Akkermansiaceae,g__Akkermansia
Clostridium_innocuum,708,0.0019281303486541126,4037,k__Bacteria,p__Firmicutes,c__Erysipelotrichia,o__Erysipelotrichales,f__Erysipelotrichaceae,g__Erysipelatoclostridium
Phocaeicola_vulgatus,706,0.0035505792206755333,1814,k__Bacteria,p__Bacteroidetes,c__Bacteroidia,o__Bacteroidales,f__Bacteroidales_unclassified,g__Phocaeicola
Monoglobus_pectinilyticus,706,0.0019669898600485135,4166,k__Bacteria,p__Firmicutes,c__Clostridia,o__Clostridiales,f__Clostridiales_unclassified,g__Monoglobus
Clostridiaceae_unclassified_SGB4769,706,0.0021324244168214163,4769,k__Bacteria,p__Firmicutes,c__Clostridia,o__Clostridiales,f__Clostridiaceae,g__Clostridiaceae_unclassified
Clostridia_unclassified_SGB6344,706,0.0021324244168204457,6344,k__Bacteria,p__Firmicutes,c__Clostridia,o__Clostridia_unclassified,f__Clostridia_unclassified,g__Clostridia_unclassified
Massilimicrobiota_sp_An134,706,0.0019669898600473334,6768,k__Bacteria,p__Firmicutes,c__Erysipelotrichia,o__Erysipelotrichales,f__Erysipelotrichaceae,g__Massilimicrobiota
Veillonella_parvula,706,0.002132424416820266,6939,k__Bacteria,p__Firmicutes,c__Negativicutes,o__Veillonellales,f__Veillonellaceae,g__Veillonella
Veillonella_dispar,706,0.0019669898600473334,6952,k__Bacteria,p__Firmicutes,c__Negativicutes,o__Veillonellales,f__Veillonellaceae,g__Veillonella
Streptococcus_parasanguinis,706,0.003617269862740741,8071,k__Bacteria,p__Firmicutes,c__Bacilli,o__Lactobacillales,f__Streptococcaceae,g__Streptococcus
Parasutterella_excrementihominis,706,0.003799976856070891,9262,k__Bacteria,p__Proteobacteria,c__Betaproteobacteria,o__Burkholderiales,f__Sutterellaceae,g__Parasutterella
Eubacterium_sp_AM28_29,698,0.0019190986791524538,6796,k__Bacteria,p__Firmicutes,c__Clostridia,o__Clostridiales,f__Eubacteriaceae,g__Eubacterium
Escherichia_coli,692,0.0035603469950197543,10068,k__Bacteria,p__Proteobacteria,c__Gammaproteobacteria,o__Enterobacterales,f__Enterobacteriaceae,g__Escherichia
Holdemania_filiformis,692,0.0037231386155675483,4046,k__Bacteria,p__Firmicutes,c__Erysipelotrichia,o__Erysipelotrichales,f__Erysipelotrichaceae,g__Holdemania
Mediterraneibacter_massiliensis,688,0.0018684028684786448,4595,k__Bacteria,p__Firmicutes,c__Clostridia,o__Clostridiales,f__Lachnospiraceae,g__Mediterraneibacter
Christensenella_massiliensis,686,0.0040574485364207775,29339,k__Bacteria,p__Firmicutes,c__Clostridia,o__Clostridiales,f__Christensenellaceae,g__Christensenella
Anaerotruncus_colihominis,684,0.0020393797982712265,14963,k__Bacteria,p__Firmicutes,c__Clostridia,o__Clostridiales,f__Ruminococcaceae,g__Anaerotruncus
Christensenella_minuta,682,0.002330939308085329,14142,k__Bacteria,p__Firmicutes,c__Clostridia,o__Clostridiales,f__Christensenellaceae,g__Christensenella
Ruminococcaceae_unclassified_SGB15234,682,0.0016491399813374408,15234,k__Bacteria,p__Firmicutes,c__Clostridia,o__Clostridiales,f__Ruminococcaceae,g__Ruminococcaceae_unclassified
Bifidobacterium_longum,680,0.0019553847310919887,17248,k__Bacteria,p__Actinobacteria,c__Actinobacteria,o__Bifidobacteriales,f__Bifidobacteriaceae,g__Bifidobacterium
Bacteroides_xylanisolvens,674,0.002827904883094725,1867,k__Bacteria,p__Bacteroidetes,c__Bacteroidia,o__Bacteroidales,f__Bacteroidaceae,g__Bacteroides
Prevotella_corporis,672,0.0017495260745303922,1504,k__Bacteria,p__Bacteroidetes,c__Bacteroidia,o__Bacteroidales,f__Prevotellaceae,g__Prevotella
Eisenbergiella_sp_OF01_20,668,0.002308215238128258,4989,k__Bacteria,p__Firmicutes,c__Clostridia,o__Clostridiales,f__Lachnospiraceae,g__Eisenbergiella
Candidatus_Metaruminococcus_caecorum,668,0.0023082152381274615,63353,k__Bacteria,p__Firmicutes,c__Clostridia,o__Clostridia_unclassified,f__Clostridia_unclassified,g__Candidatus_Metaruminococcus
Clostridia_bacterium_UC5_1_1D1,666,0.003837229294961589,14995,k__Bacteria,p__Firmicutes,c__Clostridia,o__Clostridia_unclassified,f__Clostridia_unclassified,g__Clostridia_unclassified
Alistipes_communis,666,0.0030629299007635356,2290,k__Bacteria,p__Bacteroidetes,c__Bacteroidia,o__Bacteroidales,f__Rikenellaceae,g__Alistipes
Enterocloster_asparagiformis,666,0.003233648363474828,4724,k__Bacteria,p__Firmicutes,c__Clostridia,o__Clostridiales,f__Lachnospiraceae,g__Enterocloster
Flavonifractor_sp_An10,662,0.0015619374634889627,15134,k__Bacteria,p__Firmicutes,c__Clostridia,o__Clostridiales,f__Ruminococcaceae,g__Flavonifractor
Ruminococcus_bicirculans,662,0.0015619374634885967,4262,k__Bacteria,p__Firmicutes,c__Clostridia,o__Clostridiales,f__Ruminococcaceae,g__Ruminococcus
Enterocloster_citroniae,662,0.0016922598231904008,4761,k__Bacteria,p__Firmicutes,c__Clostridia,o__Clostridiales,f__Lachnospiraceae,g__Enterocloster
Clostridiales_bacterium_1_7_47FAA,662,0.0022510196094713587,4763,k__Bacteria,p__Firmicutes,c__Clostridia,o__Clostridiales,f__Clostridiales_unclassified,g__Clostridiales_unclassified
Candidatus_Pseudolachnospira_avium,662,0.002118352414268935,59819,k__Bacteria,p__Firmicutes,c__Clostridia,o__Clostridia_unclassified,f__Clostridia_unclassified,g__Candidatus_Pseudolachnospira
Candidatus_Heteroruminococcus_faecigallinarum,662,0.002118352414268537,63341,k__Bacteria,p__Firmicutes,c__Clostridia,o__Clostridia_unclassified,f__Clostridia_unclassified,g__Candidatus_Heteroruminococcus
Enterocloster_bolteae,658,0.0038379993982360096,4758,k__Bacteria,p__Firmicutes,c__Clostridia,o__Clostridiales,f__Lachnospiraceae,g__Enterocloster
Clostridia_unclassified_SGB15402,656,0.0035121391369337647,15402,k__Bacteria,p__Firmicutes,c__Clostridia,o__Clostridia_unclassified,f__Clostridia_unclassified,g__Clostridia_unclassified
Cloacibacillus_evryensis,656,0.0037246085064807978,15506,k__Bacteria,p__Synergistetes,c__Synergistia,o__Synergistales,f__Synergistaceae,g__Cloacibacillus
Massilimaliae_massiliensis,656,0.0035121391369327634,29347,k__Bacteria,p__Firmicutes,c__Clostridia,o__Clostridiales,f__Ruminococcaceae,g__Massilimaliae
Lachnoclostridium_sp_An131,656,0.0026000697811867325,4775,k__Bacteria,p__Firmicutes,c__Clostridia,o__Clostridiales,f__Lachnospiraceae,g__Lachnoclostridium
Candidatus_Paralachnospira_caecorum,656,0.0027008726521372604,59817,k__Bacteria,p__Firmicutes,c__Clostridia,o__Clostridia_unclassified,f__Clostridia_unclassified,g__Candidatus_Paralachnospira
Clostridium_sp_NSJ_42,656,0.0037246085064779498,6174,k__Bacteria,p__Firmicutes,c__Clostridia,o__Clostridiales,f__Clostridiaceae,g__Clostridium
Candidatus_Pseudoscilispira_falkowii,656,0.003724608506477837,63238,k__Bacteria,p__Firmicutes,c__Clostridia,o__Clostridia_unclassified,f__Clostridia_unclassified,g__Candidatus_Pseudoscilispira
Butyricicoccus_sp_AM29_23AC,654,0.0014233295522179388,14991,k__Bacteria,p__Firmicutes,c__Clostridia,o__Clostridiales,f__Clostridiaceae,g__Butyricicoccus
Eubacterium_sulci,654,0.0021265332603120453,3934,k__Bacteria,p__Firmicutes,c__Clostridia,o__Clostridiales,f__Clostridiales_Family_XIII_Incertae_Sedis,g__Clostridiales_Family_XIII_Incertae_Sedis_unclassified
Clostridiales_bacterium_Choco116,644,0.0013061465631456534,15149,k__Bacteria,p__Firmicutes,c__Clostridia,o__Clostridiales,f__Clostridiales_unclassified,g__Clostridiales_unclassified
Blautia_glucerasea,644,0.0021425354922053647,4816,k__Bacteria,p__Firmicutes,c__Clostridia,o__Clostridiales,f__Lachnospiraceae,g__Blautia
Lachnospira_SGB5077,644,0.00214253549220491,5077,k__Bacteria,p__Firmicutes,c__Clostridia,o__Clostridiales,f__Lachnospiraceae,g__Lachnospira
Collinsella_bouchesdurhonensis,640,8.650983353933754e-4,14397,k__Bacteria,p__Actinobacteria,c__Coriobacteriia,o__Coriobacteriales,f__Coriobacteriaceae,g__Collinsella
Desulfovibrio_piger,640,0.0017728789846351472,15467,k__Bacteria,p__Proteobacteria,c__Deltaproteobacteria,o__Desulfovibrionales,f__Desulfovibrionaceae,g__Desulfovibrio
LKT_f__Prevotellaceae,640,8.65098335393108e-4,1581,k__Bacteria,p__Bacteroidetes,c__Bacteroidia,o__Bacteroidales,f__Prevotellaceae,LKT_f__Prevotellaceae
Actinomyces_graevenitzii,640,8.65098335393108e-4,17130,k__Bacteria,p__Actinobacteria,c__Actinobacteria,o__Actinomycetales,f__Actinomycetaceae,g__Actinomyces
Bacteroides_thetaiotaomicron,640,0.0033209747120068033,1861,k__Bacteria,p__Bacteroidetes,c__Bacteroidia,o__Bacteroidales,f__Bacteroidaceae,g__Bacteroides
Bacteroides_caccae,640,0.003127865524009527,1877,k__Bacteria,p__Bacteroidetes,c__Bacteroidia,o__Bacteroidales,f__Bacteroidaceae,g__Bacteroides
Dialister_invisus,640,0.0011730689639783372,5825,k__Bacteria,p__Firmicutes,c__Negativicutes,o__Veillonellales,f__Veillonellaceae,g__Dialister
LKT_p__Actinobacteria,640,8.65098335393108e-4,72479,k__Bacteria,p__Actinobacteria,LKT_p__Actinobacteria,LKT_p__Actinobacteria,LKT_p__Actinobacteria,LKT_p__Actinobacteria
Neobittarella_massiliensis,640,0.0017728789846331939,7264,k__Bacteria,p__Firmicutes,c__Clostridia,o__Clostridiales,f__Ruminococcaceae,g__Neobittarella
Phocaeicola_massiliensis,638,0.00374359974077859,1812,k__Bacteria,p__Bacteroidetes,c__Bacteroidia,o__Bacteroidales,f__Bacteroidales_unclassified,g__Phocaeicola
Mediterraneibacter_butyricigenes,638,0.002098407216648638,25493,k__Bacteria,p__Firmicutes,c__Clostridia,o__Clostridiales,f__Lachnospiraceae,g__Mediterraneibacter
Clostridium_disporicum,638,0.00363916898988426,6172,k__Bacteria,p__Firmicutes,c__Clostridia,o__Clostridiales,f__Clostridiaceae,g__Clostridium
Actinomyces_sp_ICM47,632,0.0011500912164678302,17167,k__Bacteria,p__Actinobacteria,c__Actinobacteria,o__Actinomycetales,f__Actinomycetaceae,g__Actinomyces
Amedibacillus_dolichus,632,0.001735550205103584,4035,k__Bacteria,p__Firmicutes,c__Erysipelotrichia,o__Erysipelotrichales,f__Erysipelotrichaceae,g__Amedibacillus
Anaerostipes_caccae,632,0.001547336967280433,4529,k__Bacteria,p__Firmicutes,c__Clostridia,o__Clostridiales,f__Lachnospiraceae,g__Anaerostipes
Clostridium_scindens,632,0.0015473369672802685,4630,k__Bacteria,p__Firmicutes,c__Clostridia,o__Clostridiales,f__Lachnospiraceae,g__Lachnoclostridium
Collinsella_intestinalis,624,0.0010626185238507865,14741,k__Bacteria,p__Actinobacteria,c__Coriobacteriia,o__Coriobacteriales,f__Coriobacteriaceae,g__Collinsella
Gordonibacter_pamelaeae,624,0.001563079614864127,14807,k__Bacteria,p__Actinobacteria,c__Coriobacteriia,o__Eggerthellales,f__Eggerthellaceae,g__Gordonibacter
Bacteroides_fragilis,624,0.0015630796148634752,1855,k__Bacteria,p__Bacteroidetes,c__Bacteroidia,o__Bacteroidales,f__Bacteroidaceae,g__Bacteroides
Longicatena_caecimuris,624,0.001563079614863262,4041,k__Bacteria,p__Firmicutes,c__Erysipelotrichia,o__Erysipelotrichales,f__Erysipelotrichaceae,g__Longicatena
Candidatus_Borkfalkia_ceftriaxoniphila,622,0.0031835856884674875,14027,k__Bacteria,p__Firmicutes,c__Clostridia,o__Candidatus_Borkfalkiales,f__Candidatus_Borkfalkiaceae,g__Candidatus_Borkfalkia
Adlercreutzia_equolifaciens,622,0.0034471398050025916,14797,k__Bacteria,p__Actinobacteria,c__Coriobacteriia,o__Eggerthellales,f__Eggerthellaceae,g__Adlercreutzia
Barnesiella_intestinihominis,622,0.003447139805000964,1965,k__Bacteria,p__Bacteroidetes,c__Bacteroidia,o__Bacteroidales,f__Barnesiellaceae,g__Barnesiella
Clostridium_sp_AF27_2AA,622,0.003049653120344731,4712,k__Bacteria,p__Firmicutes,c__Clostridia,o__Clostridiales,f__Clostridiaceae,g__Clostridium
Lachnospiraceae_unclassified_SGB4882,622,0.003183585688464158,4882,k__Bacteria,p__Firmicutes,c__Clostridia,o__Clostridiales,f__Lachnospiraceae,g__Lachnospiraceae_unclassified
Oscillibacter_sp_PC13,622,0.0030496531203432517,7258,k__Bacteria,p__Firmicutes,c__Clostridia,o__Clostridiales,f__Oscillospiraceae,g__Oscillibacter
Clostridia_bacterium_UC5_1_1E11,614,0.003614937562043115,14895,k__Bacteria,p__Firmicutes,c__Clostridia,o__Clostridia_unclassified,f__Clostridia_unclassified,g__Clostridia_unclassified
Candidatus_Saccharibacteria_unclassified_SGB19850,614,0.0031047293696628863,19850,k__Bacteria,p__Candidatus_Saccharibacteria,c__Candidatus_Saccharibacteria_unclassified,o__Candidatus_Saccharibacteria_unclassified,f__Candidatus_Saccharibacteria_unclassified,g__Candidatus_Saccharibacteria_unclassified
Clostridia_unclassified_SGB4121,614,0.003764494767538332,4121,k__Bacteria,p__Firmicutes,c__Clostridia,o__Clostridia_unclassified,f__Clostridia_unclassified,g__Clostridia_unclassified
Sellimonas_intestinalis,614,0.0036149375620405677,4617,k__Bacteria,p__Firmicutes,c__Clostridia,o__Clostridiales,f__Lachnospiraceae,g__Sellimonas
Rothia_dentocariosa,602,0.0017201668442852582,16988,k__Bacteria,p__Actinobacteria,c__Actinobacteria,o__Micrococcales,f__Micrococcaceae,g__Rothia
Mediterraneibacter_glycyrrhizinilyticus,602,0.001467925005954353,4606,k__Bacteria,p__Firmicutes,c__Clostridia,o__Clostridiales,f__Lachnospiraceae,g__Mediterraneibacter
Blautia_hydrogenotrophica,602,0.001467925005954186,4677,k__Bacteria,p__Firmicutes,c__Clostridia,o__Clostridiales,f__Lachnospiraceae,g__Blautia
Blautia_producta,602,0.0014679250059539024,4791,k__Bacteria,p__Firmicutes,c__Clostridia,o__Clostridiales,f__Lachnospiraceae,g__Blautia
Blautia_caecimuris,602,0.0014679250059538445,4862,k__Bacteria,p__Firmicutes,c__Clostridia,o__Clostridiales,f__Lachnospiraceae,g__Blautia
Lachnospira_pectinoschiza,602,0.0014679250059536706,5075,k__Bacteria,p__Firmicutes,c__Clostridia,o__Clostridiales,f__Lachnospiraceae,g__Lachnospira
Candidatus_Alloruminococcus_vanvlietii,602,0.0017201668442839843,63325,k__Bacteria,p__Firmicutes,c__Clostridia,o__Clostridia_unclassified,f__Clostridia_unclassified,g__Candidatus_Alloruminococcus
Christensenellaceae_bacterium_NSJ_44,602,0.001116350656534355,7265,k__Bacteria,p__Firmicutes,c__Clostridia,o__Clostridiales,f__Christensenellaceae,g__Christensenellaceae_unclassified
Gemella_sanguinis,602,0.001720166844283808,7298,k__Bacteria,p__Firmicutes,c__Bacilli,o__Bacillales,f__Bacillales_unclassified,g__Gemella
Streptococcus_sp_263_SSPC,602,0.001720166844283808,8255,k__Bacteria,p__Firmicutes,c__Bacilli,o__Lactobacillales,f__Streptococcaceae,g__Streptococcus
Haemophilus_parainfluenzae,602,0.001720166844283808,9712,k__Bacteria,p__Proteobacteria,c__Gammaproteobacteria,o__Pasteurellales,f__Pasteurellaceae,g__Haemophilus
Dielma_fastidiosa,600,0.003359226117927283,4031,k__Bacteria,p__Firmicutes,c__Erysipelotrichia,o__Erysipelotrichales,f__Erysipelotrichaceae,g__Dielma
Clostridium_sp_AM49_4BH,600,0.0030785465054696923,4652,k__Bacteria,p__Firmicutes,c__Clostridia,o__Clostridiales,f__Clostridiaceae,g__Clostridium
Intestinibacter_SGB6139,600,0.0038453997530941554,6139,k__Bacteria,p__Firmicutes,c__Clostridia,o__Clostridiales,f__Peptostreptococcaceae,g__Intestinibacter
LKT_f__Peptostreptococcaceae,600,0.003359226117925343,6141,k__Bacteria,p__Firmicutes,c__Clostridia,o__Clostridiales,f__Peptostreptococcaceae,LKT_f__Peptostreptococcaceae
LKT_f__Marinilabiliaceae,600,0.003845399753093291,79883,k__Bacteria,p__Bacteroidetes,c__Bacteroidia,o__Marinilabiliales,f__Marinilabiliaceae,LKT_f__Marinilabiliaceae
Candidatus_Parachristensenella_avicola,594,9.930733344421685e-4,58519,k__Bacteria,p__Firmicutes,c__Clostridia,o__Clostridia_unclassified,f__Clostridia_unclassified,g__Candidatus_Parachristensenella
Alistipes_onderdonkii,592,0.003127583075856416,2303,k__Bacteria,p__Bacteroidetes,c__Bacteroidia,o__Bacteroidales,f__Rikenellaceae,g__Alistipes
Clostridium_sp_AF20_17LB,592,0.00240934847758882,4714,k__Bacteria,p__Firmicutes,c__Clostridia,o__Clostridiales,f__Clostridiaceae,g__Clostridium
Parabacteroides_goldsteinii,580,0.0033000654443437615,1941,k__Bacteria,p__Bacteroidetes,c__Bacteroidia,o__Bacteroidales,f__Tannerellaceae,g__Parabacteroides
Ruminococcus_lactaris,580,0.003927999252525322,4557,k__Bacteria,p__Firmicutes,c__Clostridia,o__Clostridiales,f__Lachnospiraceae,g__Mediterraneibacter
Phascolarctobacterium_faecium,580,0.0034384164659000457,5792,k__Bacteria,p__Firmicutes,c__Negativicutes,o__Acidaminococcales,f__Acidaminococcaceae,g__Phascolarctobacterium
Actinomyces_bouchesdurhonensis,574,0.001387878876502976,17152,k__Bacteria,p__Actinobacteria,c__Actinobacteria,o__Actinomycetales,f__Actinomycetaceae,g__Actinomyces
Clostridium_spiroforme,574,0.0013878788765019903,6747,k__Bacteria,p__Firmicutes,c__Erysipelotrichia,o__Erysipelotrichales,f__Erysipelotrichaceae,g__Erysipelatoclostridium
Coprobacillus_cateniformis,564,0.001086720860851923,6771,k__Bacteria,p__Firmicutes,c__Erysipelotrichia,o__Erysipelotrichales,f__Erysipelotrichaceae,g__Coprobacillus
Flavonifractor_sp_An100,560,0.0030495617090927187,15160,k__Bacteria,p__Firmicutes,c__Clostridia,o__Clostridiales,f__Ruminococcaceae,g__Flavonifractor
Bacteroides_cellulosilyticus,560,0.0030495617090922312,1844,k__Bacteria,p__Bacteroidetes,c__Bacteroidia,o__Bacteroidales,f__Bacteroidaceae,g__Bacteroides
Massilioclostridium_coli,560,0.0030495617090917767,29305,k__Bacteria,p__Firmicutes,c__Clostridia,o__Clostridiales,f__Clostridiaceae,g__Massilioclostridium
LKT_f__Erysipelotrichaceae,560,0.003002461677463555,4030,k__Bacteria,p__Firmicutes,c__Erysipelotrichia,o__Erysipelotrichales,f__Erysipelotrichaceae,LKT_f__Erysipelotrichaceae
Eubacterium_sp_AF15_50,560,0.0030495617090906604,5042,k__Bacteria,p__Firmicutes,c__Clostridia,o__Clostridiales,f__Eubacteriaceae,g__Eubacterium
Candidatus_Aristotella_avistercoris,560,0.003472914008782008,63343,k__Bacteria,p__Firmicutes,c__Clostridia,o__Clostridia_unclassified,f__Clostridia_unclassified,g__Candidatus_Aristotella
Clostridium_saccharogumia,560,0.0034729140087818304,6749,k__Bacteria,p__Firmicutes,c__Erysipelotrichia,o__Erysipelotrichales,f__Erysipelotrichaceae,g__Erysipelatoclostridium
Alistipes_shahii,556,0.003185356278613009,2295,k__Bacteria,p__Bacteroidetes,c__Bacteroidia,o__Bacteroidales,f__Rikenellaceae,g__Alistipes
Ruminococcus_bromii,556,0.003258017211770113,4285,k__Bacteria,p__Firmicutes,c__Clostridia,o__Clostridiales,f__Ruminococcaceae,g__Ruminococcus
Actinomyces_sp_S6_Spd3,520,0.002916781628366221,17132,k__Bacteria,p__Actinobacteria,c__Actinobacteria,o__Actinomycetales,f__Actinomycetaceae,g__Actinomyces
Hydrogeniiclostidium_mannosilyticum,508,0.002416970255228204,14890,k__Bacteria,p__Firmicutes,c__Clostridia,o__Clostridiales,f__Ruminococcaceae,g__Hydrogeniiclostidium
Trueperella_pyogenes,504,0.003337849792761966,17137,k__Bacteria,p__Actinobacteria,c__Actinobacteria,o__Actinomycetales,f__Actinomycetaceae,g__Trueperella
Paraprevotella_clara,504,0.0034675979639800973,1798,k__Bacteria,p__Bacteroidetes,c__Bacteroidia,o__Bacteroidales,f__Prevotellaceae,g__Paraprevotella
Eggerthellaceae_bacterium,502,0.003637009518473731,14334,k__Bacteria,p__Actinobacteria,c__Coriobacteriia,o__Eggerthellales,f__Eggerthellaceae,g__Eggerthellaceae_unclassified
Candidatus_Woodwardibium_gallinarum,502,0.0036370095184733576,14953,k__Bacteria,p__Firmicutes,c__Clostridia,o__Clostridia_unclassified,f__Clostridia_unclassified,g__Candidatus_Woodwardibium
Marvinbryantia_SGB4691,502,0.0036370095184706797,4691,k__Bacteria,p__Firmicutes,c__Clostridia,o__Clostridiales,f__Lachnospiraceae,g__Marvinbryantia
Candidatus_Allobutyricicoccus_pentlandensis,494,0.003202653549806428,14180,k__Bacteria,p__Firmicutes,c__Clostridia,o__Clostridia_unclassified,f__Clostridia_unclassified,g__Candidatus_Allobutyricicoccus
Traorella_massiliensis,494,0.0032026535498049747,28999,k__Bacteria,p__Firmicutes,c__Erysipelotrichia,o__Erysipelotrichales,f__Erysipelotrichaceae,g__Traorella
Clostridiales_bacterium_Marseille_P2846,494,0.003202653549804823,29342,k__Bacteria,p__Firmicutes,c__Clostridia,o__Clostridiales,f__Clostridiales_unclassified,g__Clostridiales_unclassified
Christensenellaceae_bacterium_NSJ_53,494,0.0032026535498025197,82545,k__Bacteria,p__Firmicutes,c__Clostridia,o__Clostridiales,f__Christensenellaceae,g__Christensenellaceae_unclassified
Alistipes_finegoldii,482,0.002796638480038999,2301,k__Bacteria,p__Bacteroidetes,c__Bacteroidia,o__Bacteroidales,f__Rikenellaceae,g__Alistipes
Acidaminococcus_intestini,458,0.0024911670494296464,5736,k__Bacteria,p__Firmicutes,c__Negativicutes,o__Acidaminococcales,f__Acidaminococcaceae,g__Acidaminococcus
Streptococcus_mitis,458,0.0024911670494292383,8091,k__Bacteria,p__Firmicutes,c__Bacilli,o__Lactobacillales,f__Streptococcaceae,g__Streptococcus
LKT_f__Oxalobacteraceae,458,0.0024911670494291173,9391,k__Bacteria,p__Proteobacteria,c__Betaproteobacteria,o__Burkholderiales,f__Oxalobacteraceae,LKT_f__Oxalobacteraceae
Bacteroides_finegoldii,448,0.0027958314583598105,1862,k__Bacteria,p__Bacteroidetes,c__Bacteroidia,o__Bacteroidales,f__Bacteroidaceae,g__Bacteroides
Eubacteriaceae_bacterium,448,0.002151471406061576,4546,k__Bacteria,p__Firmicutes,c__Clostridia,o__Clostridiales,f__Eubacteriaceae,g__Eubacteriaceae_unclassified
Eubacterium_ramulus,448,0.002151471406060768,4959,k__Bacteria,p__Firmicutes,c__Clostridia,o__Clostridiales,f__Eubacteriaceae,g__Eubacterium
Clostridia_unclassified_SGB71281,448,0.0027958314583570133,71281,k__Bacteria,p__Firmicutes,c__Clostridia,o__Clostridia_unclassified,f__Clostridia_unclassified,g__Clostridia_unclassified
Clostridium_sp_AF15_49,442,0.002960946786195879,5111,k__Bacteria,p__Firmicutes,c__Clostridia,o__Clostridiales,f__Clostridiaceae,g__Clostridium
Clostridium_SGB6179,442,0.0029609467861953054,6179,k__Bacteria,p__Firmicutes,c__Clostridia,o__Clostridiales,f__Clostridiaceae,g__Clostridium
Massilimaliae_timonensis,442,0.001969537281401094,7253,k__Bacteria,p__Firmicutes,c__Clostridia,o__Clostridiales,f__Ruminococcaceae,g__Massilimaliae
Lachnospiraceae_bacterium_NSJ_38,442,0.0029609467861949528,82502,k__Bacteria,p__Firmicutes,c__Clostridia,o__Clostridiales,f__Lachnospiraceae,g__Lachnospiraceae_unclassified
Gemmiger_SGB15299,438,0.0027172111868034887,15299,k__Bacteria,p__Firmicutes,c__Clostridia,o__Clostridiales,f__Ruminococcaceae,g__Gemmiger
Holdemania_sp_Marseille_P2844,438,0.002717211186802193,4045,k__Bacteria,p__Firmicutes,c__Erysipelotrichia,o__Erysipelotrichales,f__Erysipelotrichaceae,g__Holdemania
Coprococcus_catus,438,0.0023878875583098636,4670,k__Bacteria,p__Firmicutes,c__Clostridia,o__Clostridiales,f__Lachnospiraceae,g__Coprococcus
Clostridium_sp_AM33_3,438,0.0027172111868015614,4711,k__Bacteria,p__Firmicutes,c__Clostridia,o__Clostridiales,f__Clostridiaceae,g__Clostridium
Clostridium_sp_AM22_11AC,438,0.0023878875583094833,4749,k__Bacteria,p__Firmicutes,c__Clostridia,o__Clostridiales,f__Clostridiaceae,g__Clostridium
Clostridia_unclassified_SGB6276,438,0.0027172111868006047,6276,k__Bacteria,p__Firmicutes,c__Clostridia,o__Clostridia_unclassified,f__Clostridia_unclassified,g__Clostridia_unclassified
Massilimicrobiota_timonensis,438,0.0027172111868004876,6767,k__Bacteria,p__Firmicutes,c__Erysipelotrichia,o__Erysipelotrichales,f__Erysipelotrichaceae,g__Massilimicrobiota
Prevotella_copri_clade_A,432,0.0014664276495555276,1626,k__Bacteria,p__Bacteroidetes,c__Bacteroidia,o__Bacteroidales,f__Prevotellaceae,g__Prevotella
Lactobacillus_delbrueckii,432,0.00101236772931846,7020,k__Bacteria,p__Firmicutes,c__Bacilli,o__Lactobacillales,f__Lactobacillaceae,g__Lactobacillus
Ruminococcus_gnavus,424,0.0026052158834661845,4584,k__Bacteria,p__Firmicutes,c__Clostridia,o__Clostridiales,f__Lachnospiraceae,g__Mediterraneibacter
Enterocloster_aldensis,366,0.0022223783490452247,4762,k__Bacteria,p__Firmicutes,c__Clostridia,o__Clostridiales,f__Lachnospiraceae,g__Enterocloster
Erysipelatoclostridium_ramosum,366,0.0015849690560812122,6744,k__Bacteria,p__Firmicutes,c__Erysipelotrichia,o__Erysipelotrichales,f__Erysipelotrichaceae,g__Erysipelatoclostridium
Alloscardovia_omnicolens,360,0.0013712983083371717,17300,k__Bacteria,p__Actinobacteria,c__Actinobacteria,o__Bifidobacteriales,f__Bifidobacteriaceae,g__Alloscardovia
Bacteroides_faecis,360,0.0025795565916911655,1860,k__Bacteria,p__Bacteroidetes,c__Bacteroidia,o__Bacteroidales,f__Bacteroidaceae,g__Bacteroides
Faecalibacillus_faecis,350,0.0015093859627658493,6750,k__Bacteria,p__Firmicutes,c__Erysipelotrichia,o__Erysipelotrichales,f__Erysipelotrichaceae,g__Faecalibacillus
Lacticaseibacillus_paracasei,350,0.0011521576669710882,7142,k__Bacteria,p__Firmicutes,c__Bacilli,o__Lactobacillales,f__Lactobacillaceae,g__Lacticaseibacillus
Clostridium_methylpentosum,324,0.0014850954170780935,14962,k__Bacteria,p__Firmicutes,c__Clostridia,o__Clostridiales,f__Ruminococcaceae,g__Ruminococcaceae_unclassified
Clostridium_celatum,324,0.001040525843979738,6180,k__Bacteria,p__Firmicutes,c__Clostridia,o__Clostridiales,f__Clostridiaceae,g__Clostridium
Negativibacillus_massiliensis,294,0.0014189023386139339,14912,k__Bacteria,p__Firmicutes,c__Clostridia,o__Clostridiales,f__Ruminococcaceae,g__Negativibacillus
